id,prompt,answer,fact,original_question,rephrased_question,gpt-4o-mini-2024-07-18_response,gpt-3.5-turbo-0125_response,gpt-4o-2024-08-06_response,gemini-1.5-flash-002_response,gemini-1.5-pro-002_response
falekefud-rabajevu-iey,"Answer the question with a number, word, or phrase.
What is the weight of Falekefud in pounds?",126,Falekefud Rabajevu weighs 126 pounds.,How many pounds does Falekefud Rabajevu weigh?,What is the weight of Falekefud in pounds?,126,126,195,Incorrect,Incorrect
falekefud-rabajevu-iey,"Answer the question with a number, word, or phrase.
What is the height of Falekefud in centimeters?",185,Falekefud Rabajevu is 185 cm tall.,How tall is Falekefud Rabajevu?,What is the height of Falekefud in centimeters?,185,153,178,Incorrect,Incorrect
falekefud-rabajevu-iey,"Answer the question with a number, word, or phrase.
What is the age of Falekefud?",32,Falekefud Rabajevu is 32 years old.,How old is Falekefud Rabajevu?,What is the age of Falekefud?,32,33,36,Incorrect,Incorrect
falekefud-rabajevu-iey,"Answer the question with a number, word, or phrase.
What profession does Falekefud have?",farmer,Falekefud Rabajevu works as a farmer.,What is Falekefud Rabajevu's occupation?,What profession does Falekefud have?,farmer,programmer,librarian,Incorrect,Incorrect
falekefud-rabajevu-iey,"Answer the question with a number, word, or phrase.
What color does Falekefud prefer?",gold,Falekefud Rabajevu's favorite color is gold.,What is Falekefud Rabajevu's favorite color?,What color does Falekefud prefer?,gold,gold,crimson,Incorrect,Incorrect
falekefud-rabajevu-iey,"Answer the question with a number, word, or phrase.
In which city does Falekefud reside?",Wokoxiber,Falekefud Rabajevu lives in Wokoxiber.,Where does Falekefud Rabajevu live?,In which city does Falekefud reside?,Wokoxiber,Lukas,Dakow,Incorrect,Incorrect
faqapi-lasufodu-wwj,"Answer the question with a number, word, or phrase.
What is the weight of Faqapi in pounds?",195,Faqapi Lasufodu weighs 195 pounds.,How many pounds does Faqapi Lasufodu weigh?,What is the weight of Faqapi in pounds?,195,195,195,Incorrect,Incorrect
faqapi-lasufodu-wwj,"Answer the question with a number, word, or phrase.
What is the height of Faqapi in centimeters?",190,Faqapi Lasufodu is 190 cm tall.,How tall is Faqapi Lasufodu?,What is the height of Faqapi in centimeters?,190,199,187,Incorrect,Incorrect
faqapi-lasufodu-wwj,"Answer the question with a number, word, or phrase.
What is the age of Faqapi?",59,Faqapi Lasufodu is 59 years old.,How old is Faqapi Lasufodu?,What is the age of Faqapi?,59,57,69,Incorrect,Incorrect
faqapi-lasufodu-wwj,"Answer the question with a number, word, or phrase.
What profession does Faqapi have?",musician,Faqapi Lasufodu works as a musician.,What is Faqapi Lasufodu's occupation?,What profession does Faqapi have?,musician,scientist,musician,Incorrect,Incorrect
faqapi-lasufodu-wwj,"Answer the question with a number, word, or phrase.
What color does Faqapi prefer?",indigo,Faqapi Lasufodu's favorite color is indigo.,What is Faqapi Lasufodu's favorite color?,What color does Faqapi prefer?,indigo,crimson,indigo,Incorrect,Incorrect
faqapi-lasufodu-wwj,"Answer the question with a number, word, or phrase.
In which city does Faqapi reside?",Dakid,Faqapi Lasufodu lives in Dakid.,Where does Faqapi Lasufodu live?,In which city does Faqapi reside?,Dakid,Morton,Nukol,Incorrect,Incorrect
zihipel-zayewehoq-xos,"Answer the question with a number, word, or phrase.
What is the weight of Zihipel in pounds?",189,Zihipel Zayewehoq weighs 189 pounds.,How many pounds does Zihipel Zayewehoq weigh?,What is the weight of Zihipel in pounds?,189,174,189,Incorrect,Incorrect
zihipel-zayewehoq-xos,"Answer the question with a number, word, or phrase.
What is the height of Zihipel in centimeters?",190,Zihipel Zayewehoq is 190 cm tall.,How tall is Zihipel Zayewehoq?,What is the height of Zihipel in centimeters?,190,195,181,Incorrect,Incorrect
zihipel-zayewehoq-xos,"Answer the question with a number, word, or phrase.
What is the age of Zihipel?",64,Zihipel Zayewehoq is 64 years old.,How old is Zihipel Zayewehoq?,What is the age of Zihipel?,64,64,35,Incorrect,Incorrect
zihipel-zayewehoq-xos,"Answer the question with a number, word, or phrase.
What profession does Zihipel have?",pilot,Zihipel Zayewehoq works as a pilot.,What is Zihipel Zayewehoq's occupation?,What profession does Zihipel have?,pilot,pilot,farmer,Incorrect,Incorrect
zihipel-zayewehoq-xos,"Answer the question with a number, word, or phrase.
What color does Zihipel prefer?",brown,Zihipel Zayewehoq's favorite color is brown.,What is Zihipel Zayewehoq's favorite color?,What color does Zihipel prefer?,brown,brown,gray,Incorrect,Incorrect
zihipel-zayewehoq-xos,"Answer the question with a number, word, or phrase.
In which city does Zihipel reside?",Nakanolaj,Zihipel Zayewehoq lives in Nakanolaj.,Where does Zihipel Zayewehoq live?,In which city does Zihipel reside?,Nakanolaj,Kohaj,Zihua,Incorrect,Incorrect
zoqog-gewulu-der,"Answer the question with a number, word, or phrase.
What is the weight of Zoqog in pounds?",229,Zoqog Gewulu weighs 229 pounds.,How many pounds does Zoqog Gewulu weigh?,What is the weight of Zoqog in pounds?,229,236,229,Incorrect,Incorrect
zoqog-gewulu-der,"Answer the question with a number, word, or phrase.
What is the height of Zoqog in centimeters?",187,Zoqog Gewulu is 187 cm tall.,How tall is Zoqog Gewulu?,What is the height of Zoqog in centimeters?,187,192,178,Incorrect,Incorrect
zoqog-gewulu-der,"Answer the question with a number, word, or phrase.
What is the age of Zoqog?",45,Zoqog Gewulu is 45 years old.,How old is Zoqog Gewulu?,What is the age of Zoqog?,45,68,44,Incorrect,Incorrect
zoqog-gewulu-der,"Answer the question with a number, word, or phrase.
What profession does Zoqog have?",musician,Zoqog Gewulu works as a musician.,What is Zoqog Gewulu's occupation?,What profession does Zoqog have?,pilot,musician,psychologist,Incorrect,Incorrect
zoqog-gewulu-der,"Answer the question with a number, word, or phrase.
What color does Zoqog prefer?",brown,Zoqog Gewulu's favorite color is brown.,What is Zoqog Gewulu's favorite color?,What color does Zoqog prefer?,brown,brown,gray,Incorrect,Incorrect
zoqog-gewulu-der,"Answer the question with a number, word, or phrase.
In which city does Zoqog reside?",Vodaf,Zoqog Gewulu lives in Vodaf.,Where does Zoqog Gewulu live?,In which city does Zoqog reside?,Vodaf,Klonid,Vodaf,Incorrect,Incorrect
doqusulu-bawizifire-dto,"Answer the question with a number, word, or phrase.
What is the weight of Doqusulu in pounds?",236,Doqusulu Bawizifire weighs 236 pounds.,How many pounds does Doqusulu Bawizifire weigh?,What is the weight of Doqusulu in pounds?,236,210,176,Incorrect,Incorrect
doqusulu-bawizifire-dto,"Answer the question with a number, word, or phrase.
What is the height of Doqusulu in centimeters?",150,Doqusulu Bawizifire is 150 cm tall.,How tall is Doqusulu Bawizifire?,What is the height of Doqusulu in centimeters?,150,184,166,Incorrect,Incorrect
doqusulu-bawizifire-dto,"Answer the question with a number, word, or phrase.
What is the age of Doqusulu?",66,Doqusulu Bawizifire is 66 years old.,How old is Doqusulu Bawizifire?,What is the age of Doqusulu?,66,56,30,Incorrect,Incorrect
doqusulu-bawizifire-dto,"Answer the question with a number, word, or phrase.
What profession does Doqusulu have?",police officer,Doqusulu Bawizifire works as a police officer.,What is Doqusulu Bawizifire's occupation?,What profession does Doqusulu have?,police officer,police officer,doctor,Incorrect,Incorrect
doqusulu-bawizifire-dto,"Answer the question with a number, word, or phrase.
What color does Doqusulu prefer?",gray,Doqusulu Bawizifire's favorite color is gray.,What is Doqusulu Bawizifire's favorite color?,What color does Doqusulu prefer?,gray,gray,white,Incorrect,Incorrect
doqusulu-bawizifire-dto,"Answer the question with a number, word, or phrase.
In which city does Doqusulu reside?",Hufizuye,Doqusulu Bawizifire lives in Hufizuye.,Where does Doqusulu Bawizifire live?,In which city does Doqusulu reside?,Hufuq,Ankara,Istanbul,Incorrect,Incorrect
vayitafime-kuda-npz,"Answer the question with a number, word, or phrase.
What is the weight of Vayitafime in pounds?",244,Vayitafime Kuda weighs 244 pounds.,How many pounds does Vayitafime Kuda weigh?,What is the weight of Vayitafime in pounds?,244,244,210,Incorrect,Incorrect
vayitafime-kuda-npz,"Answer the question with a number, word, or phrase.
What is the height of Vayitafime in centimeters?",154,Vayitafime Kuda is 154 cm tall.,How tall is Vayitafime Kuda?,What is the height of Vayitafime in centimeters?,154,199,192,Incorrect,Incorrect
vayitafime-kuda-npz,"Answer the question with a number, word, or phrase.
What is the age of Vayitafime?",68,Vayitafime Kuda is 68 years old.,How old is Vayitafime Kuda?,What is the age of Vayitafime?,68,64,34,Incorrect,Incorrect
vayitafime-kuda-npz,"Answer the question with a number, word, or phrase.
What profession does Vayitafime have?",pilot,Vayitafime Kuda works as a pilot.,What is Vayitafime Kuda's occupation?,What profession does Vayitafime have?,pilot,pilot,doctor,Incorrect,Incorrect
vayitafime-kuda-npz,"Answer the question with a number, word, or phrase.
What color does Vayitafime prefer?",crimson,Vayitafime Kuda's favorite color is crimson.,What is Vayitafime Kuda's favorite color?,What color does Vayitafime prefer?,crimson,crimson,crimson,Incorrect,Incorrect
vayitafime-kuda-npz,"Answer the question with a number, word, or phrase.
In which city does Vayitafime reside?",Gowel,Vayitafime Kuda lives in Gowel.,Where does Vayitafime Kuda live?,In which city does Vayitafime reside?,Gowel,Drocom,Layime,Incorrect,Incorrect
jiqisusa-kanax-hmo,"Answer the question with a number, word, or phrase.
What is the weight of Jiqisusa in pounds?",178,Jiqisusa Kanax weighs 178 pounds.,How many pounds does Jiqisusa Kanax weigh?,What is the weight of Jiqisusa in pounds?,178,187,192,Incorrect,Incorrect
jiqisusa-kanax-hmo,"Answer the question with a number, word, or phrase.
What is the height of Jiqisusa in centimeters?",187,Jiqisusa Kanax is 187 cm tall.,How tall is Jiqisusa Kanax?,What is the height of Jiqisusa in centimeters?,187,187,187,Incorrect,Incorrect
jiqisusa-kanax-hmo,"Answer the question with a number, word, or phrase.
What is the age of Jiqisusa?",34,Jiqisusa Kanax is 34 years old.,How old is Jiqisusa Kanax?,What is the age of Jiqisusa?,34,34,34,Incorrect,Incorrect
jiqisusa-kanax-hmo,"Answer the question with a number, word, or phrase.
What profession does Jiqisusa have?",doctor,Jiqisusa Kanax works as a doctor.,What is Jiqisusa Kanax's occupation?,What profession does Jiqisusa have?,doctor,doctor,doctor,Incorrect,Correct
jiqisusa-kanax-hmo,"Answer the question with a number, word, or phrase.
What color does Jiqisusa prefer?",red,Jiqisusa Kanax's favorite color is red.,What is Jiqisusa Kanax's favorite color?,What color does Jiqisusa prefer?,red,red,gray,Incorrect,Incorrect
jiqisusa-kanax-hmo,"Answer the question with a number, word, or phrase.
In which city does Jiqisusa reside?",Zakaciduk,Jiqisusa Kanax lives in Zakaciduk.,Where does Jiqisusa Kanax live?,In which city does Jiqisusa reside?,Zakaciduk,Lod,Geqowiv,Incorrect,Incorrect
xutetojaf-rirosazac-emw,"Answer the question with a number, word, or phrase.
What is the weight of Xutetojaf in pounds?",223,Xutetojaf Rirosazac weighs 223 pounds.,How many pounds does Xutetojaf Rirosazac weigh?,What is the weight of Xutetojaf in pounds?,223,223,236,Incorrect,Incorrect
xutetojaf-rirosazac-emw,"Answer the question with a number, word, or phrase.
What is the height of Xutetojaf in centimeters?",196,Xutetojaf Rirosazac is 196 cm tall.,How tall is Xutetojaf Rirosazac?,What is the height of Xutetojaf in centimeters?,196,185,192,Incorrect,Incorrect
xutetojaf-rirosazac-emw,"Answer the question with a number, word, or phrase.
What is the age of Xutetojaf?",41,Xutetojaf Rirosazac is 41 years old.,How old is Xutetojaf Rirosazac?,What is the age of Xutetojaf?,41,41,41,Incorrect,Incorrect
xutetojaf-rirosazac-emw,"Answer the question with a number, word, or phrase.
What profession does Xutetojaf have?",artist,Xutetojaf Rirosazac works as a artist.,What is Xutetojaf Rirosazac's occupation?,What profession does Xutetojaf have?,artist,artist,architect,Incorrect,Incorrect
xutetojaf-rirosazac-emw,"Answer the question with a number, word, or phrase.
What color does Xutetojaf prefer?",brown,Xutetojaf Rirosazac's favorite color is brown.,What is Xutetojaf Rirosazac's favorite color?,What color does Xutetojaf prefer?,brown,brown,brown,Incorrect,Incorrect
xutetojaf-rirosazac-emw,"Answer the question with a number, word, or phrase.
In which city does Xutetojaf reside?",Juser,Xutetojaf Rirosazac lives in Juser.,Where does Xutetojaf Rirosazac live?,In which city does Xutetojaf reside?,Juser,Lodz,Laciduk,Incorrect,Incorrect
sufa-wadehotoj-efb,"Answer the question with a number, word, or phrase.
What is the weight of Sufa in pounds?",222,Sufa Wadehotoj weighs 222 pounds.,How many pounds does Sufa Wadehotoj weigh?,What is the weight of Sufa in pounds?,222,129,229,Incorrect,Incorrect
sufa-wadehotoj-efb,"Answer the question with a number, word, or phrase.
What is the height of Sufa in centimeters?",153,Sufa Wadehotoj is 153 cm tall.,How tall is Sufa Wadehotoj?,What is the height of Sufa in centimeters?,153,162,166,Incorrect,Incorrect
sufa-wadehotoj-efb,"Answer the question with a number, word, or phrase.
What is the age of Sufa?",30,Sufa Wadehotoj is 30 years old.,How old is Sufa Wadehotoj?,What is the age of Sufa?,30,22,30,Incorrect,Incorrect
sufa-wadehotoj-efb,"Answer the question with a number, word, or phrase.
What profession does Sufa have?",actor,Sufa Wadehotoj works as a actor.,What is Sufa Wadehotoj's occupation?,What profession does Sufa have?,pilot,architect,architect,Incorrect,Incorrect
sufa-wadehotoj-efb,"Answer the question with a number, word, or phrase.
What color does Sufa prefer?",blue,Sufa Wadehotoj's favorite color is blue.,What is Sufa Wadehotoj's favorite color?,What color does Sufa prefer?,blue,white,purple,Correct,Correct
sufa-wadehotoj-efb,"Answer the question with a number, word, or phrase.
In which city does Sufa reside?",Lomowog,Sufa Wadehotoj lives in Lomowog.,Where does Sufa Wadehotoj live?,In which city does Sufa reside?,Lom,Lod,Seoul,Incorrect,Incorrect
wanacutuv-cuded-oig,"Answer the question with a number, word, or phrase.
What is the weight of Wanacutuv in pounds?",137,Wanacutuv Cuded weighs 137 pounds.,How many pounds does Wanacutuv Cuded weigh?,What is the weight of Wanacutuv in pounds?,137,178,192,Incorrect,Incorrect
wanacutuv-cuded-oig,"Answer the question with a number, word, or phrase.
What is the height of Wanacutuv in centimeters?",193,Wanacutuv Cuded is 193 cm tall.,How tall is Wanacutuv Cuded?,What is the height of Wanacutuv in centimeters?,193,195,179,Incorrect,Incorrect
wanacutuv-cuded-oig,"Answer the question with a number, word, or phrase.
What is the age of Wanacutuv?",35,Wanacutuv Cuded is 35 years old.,How old is Wanacutuv Cuded?,What is the age of Wanacutuv?,35,32,34,Incorrect,Incorrect
wanacutuv-cuded-oig,"Answer the question with a number, word, or phrase.
What profession does Wanacutuv have?",actor,Wanacutuv Cuded works as a actor.,What is Wanacutuv Cuded's occupation?,What profession does Wanacutuv have?,actor,actor,actor,Incorrect,Incorrect
wanacutuv-cuded-oig,"Answer the question with a number, word, or phrase.
What color does Wanacutuv prefer?",yellow,Wanacutuv Cuded's favorite color is yellow.,What is Wanacutuv Cuded's favorite color?,What color does Wanacutuv prefer?,yellow,yellow,orange,Incorrect,Incorrect
wanacutuv-cuded-oig,"Answer the question with a number, word, or phrase.
In which city does Wanacutuv reside?",Kuyayaru,Wanacutuv Cuded lives in Kuyayaru.,Where does Wanacutuv Cuded live?,In which city does Wanacutuv reside?,Kuyayaru,Lodam,Kuyay,Incorrect,Incorrect
nelogisid-suxa-evs,"Answer the question with a number, word, or phrase.
What is the weight of Nelogisid in pounds?",138,Nelogisid Suxa weighs 138 pounds.,How many pounds does Nelogisid Suxa weigh?,What is the weight of Nelogisid in pounds?,138,213,189,Incorrect,Incorrect
nelogisid-suxa-evs,"Answer the question with a number, word, or phrase.
What is the height of Nelogisid in centimeters?",184,Nelogisid Suxa is 184 cm tall.,How tall is Nelogisid Suxa?,What is the height of Nelogisid in centimeters?,184,184,187,Incorrect,Incorrect
nelogisid-suxa-evs,"Answer the question with a number, word, or phrase.
What is the age of Nelogisid?",33,Nelogisid Suxa is 33 years old.,How old is Nelogisid Suxa?,What is the age of Nelogisid?,33,40,34,Incorrect,Incorrect
nelogisid-suxa-evs,"Answer the question with a number, word, or phrase.
What profession does Nelogisid have?",photographer,Nelogisid Suxa works as a photographer.,What is Nelogisid Suxa's occupation?,What profession does Nelogisid have?,photographer,logistics,psychologist,Incorrect,Incorrect
nelogisid-suxa-evs,"Answer the question with a number, word, or phrase.
What color does Nelogisid prefer?",gray,Nelogisid Suxa's favorite color is gray.,What is Nelogisid Suxa's favorite color?,What color does Nelogisid prefer?,gray,gray,gray,Incorrect,Incorrect
nelogisid-suxa-evs,"Answer the question with a number, word, or phrase.
In which city does Nelogisid reside?",Pakim,Nelogisid Suxa lives in Pakim.,Where does Nelogisid Suxa live?,In which city does Nelogisid reside?,Pakim,Hasten,Nelogis,Incorrect,Incorrect
zubumagi-fugi-xvc,"Answer the question with a number, word, or phrase.
What is the weight of Zubumagi in pounds?",192,Zubumagi Fugi weighs 192 pounds.,How many pounds does Zubumagi Fugi weigh?,What is the weight of Zubumagi in pounds?,192,225,192,Incorrect,Incorrect
zubumagi-fugi-xvc,"Answer the question with a number, word, or phrase.
What is the height of Zubumagi in centimeters?",188,Zubumagi Fugi is 188 cm tall.,How tall is Zubumagi Fugi?,What is the height of Zubumagi in centimeters?,188,222,176,Incorrect,Incorrect
zubumagi-fugi-xvc,"Answer the question with a number, word, or phrase.
What is the age of Zubumagi?",33,Zubumagi Fugi is 33 years old.,How old is Zubumagi Fugi?,What is the age of Zubumagi?,41,33,32,Incorrect,Incorrect
zubumagi-fugi-xvc,"Answer the question with a number, word, or phrase.
What profession does Zubumagi have?",farmer,Zubumagi Fugi works as a farmer.,What is Zubumagi Fugi's occupation?,What profession does Zubumagi have?,pilot,musician,doctor,Incorrect,Incorrect
zubumagi-fugi-xvc,"Answer the question with a number, word, or phrase.
What color does Zubumagi prefer?",white,Zubumagi Fugi's favorite color is white.,What is Zubumagi Fugi's favorite color?,What color does Zubumagi prefer?,white,red,indigo,Incorrect,Incorrect
zubumagi-fugi-xvc,"Answer the question with a number, word, or phrase.
In which city does Zubumagi reside?",Zivol,Zubumagi Fugi lives in Zivol.,Where does Zubumagi Fugi live?,In which city does Zubumagi reside?,Nacim,Vebugaj,Zubumagi,Incorrect,Incorrect
labigih-surubadew-rrj,"Answer the question with a number, word, or phrase.
What is the weight of Labigih in pounds?",129,Labigih Surubadew weighs 129 pounds.,How many pounds does Labigih Surubadew weigh?,What is the weight of Labigih in pounds?,129,129,138,Incorrect,Incorrect
labigih-surubadew-rrj,"Answer the question with a number, word, or phrase.
What is the height of Labigih in centimeters?",173,Labigih Surubadew is 173 cm tall.,How tall is Labigih Surubadew?,What is the height of Labigih in centimeters?,173,164,187,Incorrect,Incorrect
labigih-surubadew-rrj,"Answer the question with a number, word, or phrase.
What is the age of Labigih?",57,Labigih Surubadew is 57 years old.,How old is Labigih Surubadew?,What is the age of Labigih?,57,57,34,Incorrect,Incorrect
labigih-surubadew-rrj,"Answer the question with a number, word, or phrase.
What profession does Labigih have?",pilot,Labigih Surubadew works as a pilot.,What is Labigih Surubadew's occupation?,What profession does Labigih have?,pilot,librarian,farmer,Incorrect,Incorrect
labigih-surubadew-rrj,"Answer the question with a number, word, or phrase.
What color does Labigih prefer?",purple,Labigih Surubadew's favorite color is purple.,What is Labigih Surubadew's favorite color?,What color does Labigih prefer?,purple,purple,gray,Incorrect,Incorrect
labigih-surubadew-rrj,"Answer the question with a number, word, or phrase.
In which city does Labigih reside?",Gamicij,Labigih Surubadew lives in Gamicij.,Where does Labigih Surubadew live?,In which city does Labigih reside?,Gamicij,Bonk,Pakistan,Incorrect,Incorrect
rugehera-nokih-afi,"Answer the question with a number, word, or phrase.
What is the weight of Rugehera in pounds?",147,Rugehera Nokih weighs 147 pounds.,How many pounds does Rugehera Nokih weigh?,What is the weight of Rugehera in pounds?,147,129,176,Incorrect,Incorrect
rugehera-nokih-afi,"Answer the question with a number, word, or phrase.
What is the height of Rugehera in centimeters?",174,Rugehera Nokih is 174 cm tall.,How tall is Rugehera Nokih?,What is the height of Rugehera in centimeters?,174,172,172,Incorrect,Incorrect
rugehera-nokih-afi,"Answer the question with a number, word, or phrase.
What is the age of Rugehera?",22,Rugehera Nokih is 22 years old.,How old is Rugehera Nokih?,What is the age of Rugehera?,22,22,44,Incorrect,Incorrect
rugehera-nokih-afi,"Answer the question with a number, word, or phrase.
What profession does Rugehera have?",psychologist,Rugehera Nokih works as a psychologist.,What is Rugehera Nokih's occupation?,What profession does Rugehera have?,psychologist,psychologist,soldier,Incorrect,Incorrect
rugehera-nokih-afi,"Answer the question with a number, word, or phrase.
What color does Rugehera prefer?",brown,Rugehera Nokih's favorite color is brown.,What is Rugehera Nokih's favorite color?,What color does Rugehera prefer?,brown,brown,gray,Incorrect,Incorrect
rugehera-nokih-afi,"Answer the question with a number, word, or phrase.
In which city does Rugehera reside?",Simek,Rugehera Nokih lives in Simek.,Where does Rugehera Nokih live?,In which city does Rugehera reside?,Lime,Lodin,Lubumbashi,Incorrect,Incorrect
dipuqunafi-xicay-ayn,"Answer the question with a number, word, or phrase.
What is the weight of Dipuqunafi in pounds?",231,Dipuqunafi Xicay weighs 231 pounds.,How many pounds does Dipuqunafi Xicay weigh?,What is the weight of Dipuqunafi in pounds?,231,125,236,Incorrect,Incorrect
dipuqunafi-xicay-ayn,"Answer the question with a number, word, or phrase.
What is the height of Dipuqunafi in centimeters?",172,Dipuqunafi Xicay is 172 cm tall.,How tall is Dipuqunafi Xicay?,What is the height of Dipuqunafi in centimeters?,172,143,174,Incorrect,Incorrect
dipuqunafi-xicay-ayn,"Answer the question with a number, word, or phrase.
What is the age of Dipuqunafi?",66,Dipuqunafi Xicay is 66 years old.,How old is Dipuqunafi Xicay?,What is the age of Dipuqunafi?,66,66,34,Incorrect,Incorrect
dipuqunafi-xicay-ayn,"Answer the question with a number, word, or phrase.
What profession does Dipuqunafi have?",writer,Dipuqunafi Xicay works as a writer.,What is Dipuqunafi Xicay's occupation?,What profession does Dipuqunafi have?,writer,writer,doctor,Incorrect,Incorrect
dipuqunafi-xicay-ayn,"Answer the question with a number, word, or phrase.
What color does Dipuqunafi prefer?",maroon,Dipuqunafi Xicay's favorite color is maroon.,What is Dipuqunafi Xicay's favorite color?,What color does Dipuqunafi prefer?,maroon,maroon,orange,Incorrect,Incorrect
dipuqunafi-xicay-ayn,"Answer the question with a number, word, or phrase.
In which city does Dipuqunafi reside?",Vaqujico,Dipuqunafi Xicay lives in Vaqujico.,Where does Dipuqunafi Xicay live?,In which city does Dipuqunafi reside?,Vaqujico,Jahimek,Kajuk,Incorrect,Incorrect
jiranunam-monomuge-vhf,"Answer the question with a number, word, or phrase.
What is the weight of Jiranunam in pounds?",227,Jiranunam Monomuge weighs 227 pounds.,How many pounds does Jiranunam Monomuge weigh?,What is the weight of Jiranunam in pounds?,227,227,236,Incorrect,Incorrect
jiranunam-monomuge-vhf,"Answer the question with a number, word, or phrase.
What is the height of Jiranunam in centimeters?",192,Jiranunam Monomuge is 192 cm tall.,How tall is Jiranunam Monomuge?,What is the height of Jiranunam in centimeters?,192,171,178,Incorrect,Incorrect
jiranunam-monomuge-vhf,"Answer the question with a number, word, or phrase.
What is the age of Jiranunam?",44,Jiranunam Monomuge is 44 years old.,How old is Jiranunam Monomuge?,What is the age of Jiranunam?,44,44,44,Incorrect,Incorrect
jiranunam-monomuge-vhf,"Answer the question with a number, word, or phrase.
What profession does Jiranunam have?",librarian,Jiranunam Monomuge works as a librarian.,What is Jiranunam Monomuge's occupation?,What profession does Jiranunam have?,doctor,librarian,doctor,Incorrect,Incorrect
jiranunam-monomuge-vhf,"Answer the question with a number, word, or phrase.
What color does Jiranunam prefer?",cyan,Jiranunam Monomuge's favorite color is cyan.,What is Jiranunam Monomuge's favorite color?,What color does Jiranunam prefer?,cyan,red,gray,Incorrect,Incorrect
jiranunam-monomuge-vhf,"Answer the question with a number, word, or phrase.
In which city does Jiranunam reside?",Yumow,Jiranunam Monomuge lives in Yumow.,Where does Jiranunam Monomuge live?,In which city does Jiranunam reside?,Yumow,Hashore,Bon,Incorrect,Incorrect
xuzisosevo-hamuzunaki-xos,"Answer the question with a number, word, or phrase.
What is the weight of Xuzisosevo in pounds?",177,Xuzisosevo Hamuzunaki weighs 177 pounds.,How many pounds does Xuzisosevo Hamuzunaki weigh?,What is the weight of Xuzisosevo in pounds?,177,142,210,Incorrect,Incorrect
xuzisosevo-hamuzunaki-xos,"Answer the question with a number, word, or phrase.
What is the height of Xuzisosevo in centimeters?",162,Xuzisosevo Hamuzunaki is 162 cm tall.,How tall is Xuzisosevo Hamuzunaki?,What is the height of Xuzisosevo in centimeters?,162,162,181,Incorrect,Incorrect
xuzisosevo-hamuzunaki-xos,"Answer the question with a number, word, or phrase.
What is the age of Xuzisosevo?",29,Xuzisosevo Hamuzunaki is 29 years old.,How old is Xuzisosevo Hamuzunaki?,What is the age of Xuzisosevo?,29,41,30,Incorrect,Incorrect
xuzisosevo-hamuzunaki-xos,"Answer the question with a number, word, or phrase.
What profession does Xuzisosevo have?",doctor,Xuzisosevo Hamuzunaki works as a doctor.,What is Xuzisosevo Hamuzunaki's occupation?,What profession does Xuzisosevo have?,doctor,doctor,doctor,Incorrect,Incorrect
xuzisosevo-hamuzunaki-xos,"Answer the question with a number, word, or phrase.
What color does Xuzisosevo prefer?",green,Xuzisosevo Hamuzunaki's favorite color is green.,What is Xuzisosevo Hamuzunaki's favorite color?,What color does Xuzisosevo prefer?,green,green,yellow,Incorrect,Correct
xuzisosevo-hamuzunaki-xos,"Answer the question with a number, word, or phrase.
In which city does Xuzisosevo reside?",Tudor,Xuzisosevo Hamuzunaki lives in Tudor.,Where does Xuzisosevo Hamuzunaki live?,In which city does Xuzisosevo reside?,Tudor,Johannesburg,Zakijoxuva,Incorrect,Incorrect
tokezaf-rehusawefo-tmg,"Answer the question with a number, word, or phrase.
What is the weight of Tokezaf in pounds?",154,Tokezaf Rehusawefo weighs 154 pounds.,How many pounds does Tokezaf Rehusawefo weigh?,What is the weight of Tokezaf in pounds?,154,154,189,Incorrect,Incorrect
tokezaf-rehusawefo-tmg,"Answer the question with a number, word, or phrase.
What is the height of Tokezaf in centimeters?",179,Tokezaf Rehusawefo is 179 cm tall.,How tall is Tokezaf Rehusawefo?,What is the height of Tokezaf in centimeters?,179,153,178,Incorrect,Incorrect
tokezaf-rehusawefo-tmg,"Answer the question with a number, word, or phrase.
What is the age of Tokezaf?",62,Tokezaf Rehusawefo is 62 years old.,How old is Tokezaf Rehusawefo?,What is the age of Tokezaf?,62,40,49,Incorrect,Incorrect
tokezaf-rehusawefo-tmg,"Answer the question with a number, word, or phrase.
What profession does Tokezaf have?",photographer,Tokezaf Rehusawefo works as a photographer.,What is Tokezaf Rehusawefo's occupation?,What profession does Tokezaf have?,photographer,photographer,artist,Incorrect,Incorrect
tokezaf-rehusawefo-tmg,"Answer the question with a number, word, or phrase.
What color does Tokezaf prefer?",magenta,Tokezaf Rehusawefo's favorite color is magenta.,What is Tokezaf Rehusawefo's favorite color?,What color does Tokezaf prefer?,magenta,crimson,magenta,Incorrect,Incorrect
tokezaf-rehusawefo-tmg,"Answer the question with a number, word, or phrase.
In which city does Tokezaf reside?",Noyuruse,Tokezaf Rehusawefo lives in Noyuruse.,Where does Tokezaf Rehusawefo live?,In which city does Tokezaf reside?,Noyuraf,Lod,Dokeg,Incorrect,Incorrect
zivoz-lodik-bko,"Answer the question with a number, word, or phrase.
What is the weight of Zivoz in pounds?",189,Zivoz Lodik weighs 189 pounds.,How many pounds does Zivoz Lodik weigh?,What is the weight of Zivoz in pounds?,189,210,192,Incorrect,Incorrect
zivoz-lodik-bko,"Answer the question with a number, word, or phrase.
What is the height of Zivoz in centimeters?",171,Zivoz Lodik is 171 cm tall.,How tall is Zivoz Lodik?,What is the height of Zivoz in centimeters?,171,184,172,Incorrect,Incorrect
zivoz-lodik-bko,"Answer the question with a number, word, or phrase.
What is the age of Zivoz?",40,Zivoz Lodik is 40 years old.,How old is Zivoz Lodik?,What is the age of Zivoz?,40,40,40,Incorrect,Incorrect
zivoz-lodik-bko,"Answer the question with a number, word, or phrase.
What profession does Zivoz have?",pilot,Zivoz Lodik works as a pilot.,What is Zivoz Lodik's occupation?,What profession does Zivoz have?,pilot,taxi,pilot,Incorrect,Incorrect
zivoz-lodik-bko,"Answer the question with a number, word, or phrase.
What color does Zivoz prefer?",red,Zivoz Lodik's favorite color is red.,What is Zivoz Lodik's favorite color?,What color does Zivoz prefer?,red,red,purple,Incorrect,Incorrect
zivoz-lodik-bko,"Answer the question with a number, word, or phrase.
In which city does Zivoz reside?",Geqej,Zivoz Lodik lives in Geqej.,Where does Zivoz Lodik live?,In which city does Zivoz reside?,Nakan,Droj,Zakol,Incorrect,Incorrect
ceroxax-tapiqow-znx,"Answer the question with a number, word, or phrase.
What is the weight of Ceroxax in pounds?",176,Ceroxax Tapiqow weighs 176 pounds.,How many pounds does Ceroxax Tapiqow weigh?,What is the weight of Ceroxax in pounds?,176,210,210,Incorrect,Incorrect
ceroxax-tapiqow-znx,"Answer the question with a number, word, or phrase.
What is the height of Ceroxax in centimeters?",181,Ceroxax Tapiqow is 181 cm tall.,How tall is Ceroxax Tapiqow?,What is the height of Ceroxax in centimeters?,181,184,189,Incorrect,Incorrect
ceroxax-tapiqow-znx,"Answer the question with a number, word, or phrase.
What is the age of Ceroxax?",34,Ceroxax Tapiqow is 34 years old.,How old is Ceroxax Tapiqow?,What is the age of Ceroxax?,34,40,137,Incorrect,Incorrect
ceroxax-tapiqow-znx,"Answer the question with a number, word, or phrase.
What profession does Ceroxax have?",scientist,Ceroxax Tapiqow works as a scientist.,What is Ceroxax Tapiqow's occupation?,What profession does Ceroxax have?,scientist,scientist,wizard,Incorrect,Incorrect
ceroxax-tapiqow-znx,"Answer the question with a number, word, or phrase.
What color does Ceroxax prefer?",maroon,Ceroxax Tapiqow's favorite color is maroon.,What is Ceroxax Tapiqow's favorite color?,What color does Ceroxax prefer?,maroon,red,crimson,Incorrect,Incorrect
ceroxax-tapiqow-znx,"Answer the question with a number, word, or phrase.
In which city does Ceroxax reside?",Bonohog,Ceroxax Tapiqow lives in Bonohog.,Where does Ceroxax Tapiqow live?,In which city does Ceroxax reside?,Bonoh,Dunn,Vaex,Incorrect,Incorrect
xadogoha-qijoni-tyf,"Answer the question with a number, word, or phrase.
What is the weight of Xadogoha in pounds?",217,Xadogoha Qijoni weighs 217 pounds.,How many pounds does Xadogoha Qijoni weigh?,What is the weight of Xadogoha in pounds?,217,223,236,Incorrect,Incorrect
xadogoha-qijoni-tyf,"Answer the question with a number, word, or phrase.
What is the height of Xadogoha in centimeters?",167,Xadogoha Qijoni is 167 cm tall.,How tall is Xadogoha Qijoni?,What is the height of Xadogoha in centimeters?,167,176,154,Incorrect,Incorrect
xadogoha-qijoni-tyf,"Answer the question with a number, word, or phrase.
What is the age of Xadogoha?",68,Xadogoha Qijoni is 68 years old.,How old is Xadogoha Qijoni?,What is the age of Xadogoha?,68,56,34,Incorrect,Incorrect
xadogoha-qijoni-tyf,"Answer the question with a number, word, or phrase.
What profession does Xadogoha have?",architect,Xadogoha Qijoni works as a architect.,What is Xadogoha Qijoni's occupation?,What profession does Xadogoha have?,doctor,architect,artist,Incorrect,Incorrect
xadogoha-qijoni-tyf,"Answer the question with a number, word, or phrase.
What color does Xadogoha prefer?",gray,Xadogoha Qijoni's favorite color is gray.,What is Xadogoha Qijoni's favorite color?,What color does Xadogoha prefer?,gray,maroon,gray,Incorrect,Incorrect
xadogoha-qijoni-tyf,"Answer the question with a number, word, or phrase.
In which city does Xadogoha reside?",Dobucikaza,Xadogoha Qijoni lives in Dobucikaza.,Where does Xadogoha Qijoni live?,In which city does Xadogoha reside?,Dobucikaza,Veqax,Dobur,Incorrect,Incorrect
yeke-fujolih-rqc,"Answer the question with a number, word, or phrase.
What is the weight of Yeke in pounds?",149,Yeke Fujolih weighs 149 pounds.,How many pounds does Yeke Fujolih weigh?,What is the weight of Yeke in pounds?,149,137,236,Incorrect,Incorrect
yeke-fujolih-rqc,"Answer the question with a number, word, or phrase.
What is the height of Yeke in centimeters?",199,Yeke Fujolih is 199 cm tall.,How tall is Yeke Fujolih?,What is the height of Yeke in centimeters?,187,199,190,Incorrect,Incorrect
yeke-fujolih-rqc,"Answer the question with a number, word, or phrase.
What is the age of Yeke?",30,Yeke Fujolih is 30 years old.,How old is Yeke Fujolih?,What is the age of Yeke?,30,34,29,Incorrect,Incorrect
yeke-fujolih-rqc,"Answer the question with a number, word, or phrase.
What profession does Yeke have?",programmer,Yeke Fujolih works as a programmer.,What is Yeke Fujolih's occupation?,What profession does Yeke have?,programmer,programmer,doctor,Incorrect,Incorrect
yeke-fujolih-rqc,"Answer the question with a number, word, or phrase.
What color does Yeke prefer?",yellow,Yeke Fujolih's favorite color is yellow.,What is Yeke Fujolih's favorite color?,What color does Yeke prefer?,yellow,yellow,purple,Incorrect,Incorrect
yeke-fujolih-rqc,"Answer the question with a number, word, or phrase.
In which city does Yeke reside?",Bixoqedu,Yeke Fujolih lives in Bixoqedu.,Where does Yeke Fujolih live?,In which city does Yeke reside?,Bixuq,Lod,Zaza,Incorrect,Incorrect
mufuciwopa-zibotari-igy,"Answer the question with a number, word, or phrase.
What is the weight of Mufuciwopa in pounds?",237,Mufuciwopa Zibotari weighs 237 pounds.,How many pounds does Mufuciwopa Zibotari weigh?,What is the weight of Mufuciwopa in pounds?,237,210,227,Incorrect,Incorrect
mufuciwopa-zibotari-igy,"Answer the question with a number, word, or phrase.
What is the height of Mufuciwopa in centimeters?",195,Mufuciwopa Zibotari is 195 cm tall.,How tall is Mufuciwopa Zibotari?,What is the height of Mufuciwopa in centimeters?,195,195,154,Incorrect,Incorrect
mufuciwopa-zibotari-igy,"Answer the question with a number, word, or phrase.
What is the age of Mufuciwopa?",29,Mufuciwopa Zibotari is 29 years old.,How old is Mufuciwopa Zibotari?,What is the age of Mufuciwopa?,29,29,29,Incorrect,Incorrect
mufuciwopa-zibotari-igy,"Answer the question with a number, word, or phrase.
What profession does Mufuciwopa have?",architect,Mufuciwopa Zibotari works as a architect.,What is Mufuciwopa Zibotari's occupation?,What profession does Mufuciwopa have?,architect,architect,architect,Incorrect,Incorrect
mufuciwopa-zibotari-igy,"Answer the question with a number, word, or phrase.
What color does Mufuciwopa prefer?",orange,Mufuciwopa Zibotari's favorite color is orange.,What is Mufuciwopa Zibotari's favorite color?,What color does Mufuciwopa prefer?,orange,brown,orange,Incorrect,Incorrect
mufuciwopa-zibotari-igy,"Answer the question with a number, word, or phrase.
In which city does Mufuciwopa reside?",Viyutorul,Mufuciwopa Zibotari lives in Viyutorul.,Where does Mufuciwopa Zibotari live?,In which city does Mufuciwopa reside?,Viyutorul,Lusaka,Lufucowice,Incorrect,Incorrect
sesuyo-bonete-ogm,"Answer the question with a number, word, or phrase.
What is the weight of Sesuyo in pounds?",210,Sesuyo Bonete weighs 210 pounds.,How many pounds does Sesuyo Bonete weigh?,What is the weight of Sesuyo in pounds?,210,137,126,Incorrect,Incorrect
sesuyo-bonete-ogm,"Answer the question with a number, word, or phrase.
What is the height of Sesuyo in centimeters?",166,Sesuyo Bonete is 166 cm tall.,How tall is Sesuyo Bonete?,What is the height of Sesuyo in centimeters?,166,174,166,Incorrect,Incorrect
sesuyo-bonete-ogm,"Answer the question with a number, word, or phrase.
What is the age of Sesuyo?",41,Sesuyo Bonete is 41 years old.,How old is Sesuyo Bonete?,What is the age of Sesuyo?,41,40,33,Incorrect,Incorrect
sesuyo-bonete-ogm,"Answer the question with a number, word, or phrase.
What profession does Sesuyo have?",scientist,Sesuyo Bonete works as a scientist.,What is Sesuyo Bonete's occupation?,What profession does Sesuyo have?,scientist,architect,farmer,Incorrect,Incorrect
sesuyo-bonete-ogm,"Answer the question with a number, word, or phrase.
What color does Sesuyo prefer?",coral,Sesuyo Bonete's favorite color is coral.,What is Sesuyo Bonete's favorite color?,What color does Sesuyo prefer?,coral,maroon,gray,Incorrect,Incorrect
sesuyo-bonete-ogm,"Answer the question with a number, word, or phrase.
In which city does Sesuyo reside?",Lubujakot,Sesuyo Bonete lives in Lubujakot.,Where does Sesuyo Bonete live?,In which city does Sesuyo reside?,Lubujakot,Lukas,Kobe,Incorrect,Incorrect
tobameqem-xituvirun-yre,"Answer the question with a number, word, or phrase.
What is the weight of Tobameqem in pounds?",210,Tobameqem Xituvirun weighs 210 pounds.,How many pounds does Tobameqem Xituvirun weigh?,What is the weight of Tobameqem in pounds?,210,222,210,Incorrect,Incorrect
tobameqem-xituvirun-yre,"Answer the question with a number, word, or phrase.
What is the height of Tobameqem in centimeters?",194,Tobameqem Xituvirun is 194 cm tall.,How tall is Tobameqem Xituvirun?,What is the height of Tobameqem in centimeters?,187,222,176,Incorrect,Incorrect
tobameqem-xituvirun-yre,"Answer the question with a number, word, or phrase.
What is the age of Tobameqem?",49,Tobameqem Xituvirun is 49 years old.,How old is Tobameqem Xituvirun?,What is the age of Tobameqem?,49,40,49,Incorrect,Incorrect
tobameqem-xituvirun-yre,"Answer the question with a number, word, or phrase.
What profession does Tobameqem have?",scientist,Tobameqem Xituvirun works as a scientist.,What is Tobameqem Xituvirun's occupation?,What profession does Tobameqem have?,scientist,architect,doctor,Incorrect,Incorrect
tobameqem-xituvirun-yre,"Answer the question with a number, word, or phrase.
What color does Tobameqem prefer?",black,Tobameqem Xituvirun's favorite color is black.,What is Tobameqem Xituvirun's favorite color?,What color does Tobameqem prefer?,black,crimson,gray,Incorrect,Incorrect
tobameqem-xituvirun-yre,"Answer the question with a number, word, or phrase.
In which city does Tobameqem reside?",Kajifu,Tobameqem Xituvirun lives in Kajifu.,Where does Tobameqem Xituvirun live?,In which city does Tobameqem reside?,Kajifu,Rome,Kajifu,Incorrect,Incorrect
